-- ============================================================================
-- Cotrim Irrigação Pro — Seeds de desenvolvimento
-- Dados fictícios para validação local
-- ============================================================================

-- IDs fixos para referência
-- Empresa:  11111111-1111-1111-1111-111111111111
-- Fazenda:  22222222-2222-2222-2222-222222222222
-- Safra:    33333333-3333-3333-3333-333333333333

-- ============================================================================
-- EMPRESA
-- ============================================================================
INSERT INTO companies (id, name, cnpj, contact_email, contact_phone, address)
VALUES (
  '11111111-1111-1111-1111-111111111111',
  'Grupo Cotrim Agro',
  '12.345.678/0001-90',
  'contato@cotrimagro.com.br',
  '(38) 99999-0000',
  'Fazenda Santa Helena, Zona Rural - Janaúba/MG'
);

-- ============================================================================
-- FAZENDA
-- ============================================================================
INSERT INTO farms (id, company_id, name, city, state, latitude, longitude, altitude, total_area, irrigated_area, timezone)
VALUES (
  '22222222-2222-2222-2222-222222222222',
  '11111111-1111-1111-1111-111111111111',
  'Fazenda Santa Helena',
  'Janaúba',
  'MG',
  -15.8022,
  -43.3089,
  516,
  2400,
  1800,
  'America/Sao_Paulo'
);

-- ============================================================================
-- SAFRA
-- ============================================================================
INSERT INTO seasons (id, farm_id, name, start_date, end_date, active)
VALUES (
  '33333333-3333-3333-3333-333333333333',
  '22222222-2222-2222-2222-222222222222',
  'Safra 2025/2026',
  '2025-09-01',
  '2026-08-31',
  true
);

-- ============================================================================
-- MÓDULOS PRODUTIVOS
-- ============================================================================
INSERT INTO production_modules (id, farm_id, name, description, total_area) VALUES
  ('aaaaaaaa-0001-0000-0000-000000000000', '22222222-2222-2222-2222-222222222222', 'RDM',   'Módulo Reserva de Domínio', 600),
  ('aaaaaaaa-0002-0000-0000-000000000000', '22222222-2222-2222-2222-222222222222', 'M1',    'Módulo 1',                  700),
  ('aaaaaaaa-0003-0000-0000-000000000000', '22222222-2222-2222-2222-222222222222', 'M2/M3', 'Módulos 2 e 3',             500);

-- ============================================================================
-- CULTURAS (dados FAO-56)
-- ============================================================================
INSERT INTO cultures (id, name, scientific_name, kc_by_stage, root_depth, depletion_factor, cycle_days) VALUES
  ('cccccccc-0001-0000-0000-000000000000', 'Soja',    'Glycine max',        '{"germinacao":0.40,"vegetativo":0.80,"floracao":1.15,"enchimento":1.15,"maturacao":0.50,"colheita":0.30}', 0.60, 0.50, 120),
  ('cccccccc-0002-0000-0000-000000000000', 'Milho',   'Zea mays',           '{"germinacao":0.30,"vegetativo":0.70,"floracao":1.20,"enchimento":1.15,"maturacao":0.60,"colheita":0.35}', 0.80, 0.55, 140),
  ('cccccccc-0003-0000-0000-000000000000', 'Algodão', 'Gossypium hirsutum', '{"germinacao":0.35,"vegetativo":0.75,"floracao":1.20,"enchimento":1.15,"maturacao":0.70,"colheita":0.40}', 1.00, 0.65, 180),
  ('cccccccc-0004-0000-0000-000000000000', 'Cacau',   'Theobroma cacao',    '{"germinacao":0.90,"vegetativo":1.00,"floracao":1.05,"enchimento":1.05,"maturacao":1.00,"colheita":0.90}', 1.20, 0.30, 365);

-- ============================================================================
-- SOLOS
-- ============================================================================
INSERT INTO soils (id, farm_id, name, texture, field_capacity, wilting_point, bulk_density, infiltration_rate) VALUES
  ('dddddddd-0001-0000-0000-000000000000', '22222222-2222-2222-2222-222222222222', 'Latossolo Vermelho',   'argiloso',       0.38, 0.20, 1.15, 25),
  ('dddddddd-0002-0000-0000-000000000000', '22222222-2222-2222-2222-222222222222', 'Latossolo Amarelo',    'franco-argiloso', 0.34, 0.18, 1.25, 35),
  ('dddddddd-0003-0000-0000-000000000000', '22222222-2222-2222-2222-222222222222', 'Neossolo Quartzarênico','arenoso',        0.15, 0.06, 1.55, 80);

-- ============================================================================
-- PIVÔS CENTRAIS
-- ============================================================================
INSERT INTO pivots (id, farm_id, module_id, name, area, radius, flow_rate, pump_power, motor_efficiency, efficiency, latitude, longitude, status) VALUES
  ('pppppppp-0001-0000-0000-000000000000', '22222222-2222-2222-2222-222222222222', 'aaaaaaaa-0001-0000-0000-000000000000', 'Pivô 14',  92,  540, 120, 150, 0.88, 0.85, -15.7950, -43.3020, 'irrigando'),
  ('pppppppp-0002-0000-0000-000000000000', '22222222-2222-2222-2222-222222222222', 'aaaaaaaa-0002-0000-0000-000000000000', 'Pivô 126', 110, 590, 130, 175, 0.88, 0.82, -15.8100, -43.2950, 'irrigando'),
  ('pppppppp-0003-0000-0000-000000000000', '22222222-2222-2222-2222-222222222222', 'aaaaaaaa-0003-0000-0000-000000000000', 'Pivô 31',  88,  530, 110, 125, 0.88, 0.84, -15.8200, -43.3100, 'alerta'),
  ('pppppppp-0004-0000-0000-000000000000', '22222222-2222-2222-2222-222222222222', 'aaaaaaaa-0002-0000-0000-000000000000', 'Pivô 58',  76,  490, 105, 100, 0.88, 0.86, -15.8050, -43.2880, 'irrigando'),
  ('pppppppp-0005-0000-0000-000000000000', '22222222-2222-2222-2222-222222222222', 'aaaaaaaa-0001-0000-0000-000000000000', 'Pivô 77',  64,  450, 95,  100, 0.88, 0.85, -15.7980, -43.3150, 'irrigando'),
  ('pppppppp-0006-0000-0000-000000000000', '22222222-2222-2222-2222-222222222222', 'aaaaaaaa-0003-0000-0000-000000000000', 'Pivô 89',  41,  360, 70,  60,  0.88, 0.88, -15.8250, -43.3050, 'irrigando'),
  ('pppppppp-0007-0000-0000-000000000000', '22222222-2222-2222-2222-222222222222', 'aaaaaaaa-0002-0000-0000-000000000000', 'Pivô 102', 95,  550, 115, 130, 0.88, 0.83, -15.8120, -43.2920, 'parado'),
  ('pppppppp-0008-0000-0000-000000000000', '22222222-2222-2222-2222-222222222222', 'aaaaaaaa-0001-0000-0000-000000000000', 'Pivô 109', 70,  470, 100, 90,  0.88, 0.87, -15.7930, -43.3080, 'parado'),
  ('pppppppp-0009-0000-0000-000000000000', '22222222-2222-2222-2222-222222222222', 'aaaaaaaa-0003-0000-0000-000000000000', 'Pivô 133', 38,  350, 65,  55,  0.88, 0.88, -15.8280, -43.3120, 'manutencao'),
  ('pppppppp-0010-0000-0000-000000000000', '22222222-2222-2222-2222-222222222222', 'aaaaaaaa-0002-0000-0000-000000000000', 'Pivô 140', 83,  515, 110, 110, 0.88, 0.85, -15.8080, -43.2860, 'parado');

-- ============================================================================
-- VÍNCULO PIVÔ ↔ SAFRA ↔ CULTURA ↔ SOLO
-- ============================================================================
INSERT INTO pivot_crop_assignments (id, pivot_id, season_id, culture_id, soil_id, crop_stage, planting_date) VALUES
  ('eeeeeeee-0001-0000-0000-000000000000', 'pppppppp-0001-0000-0000-000000000000', '33333333-3333-3333-3333-333333333333', 'cccccccc-0001-0000-0000-000000000000', 'dddddddd-0001-0000-0000-000000000000', 'floracao',   '2025-10-15'),
  ('eeeeeeee-0002-0000-0000-000000000000', 'pppppppp-0002-0000-0000-000000000000', '33333333-3333-3333-3333-333333333333', 'cccccccc-0002-0000-0000-000000000000', 'dddddddd-0001-0000-0000-000000000000', 'enchimento', '2025-10-01'),
  ('eeeeeeee-0003-0000-0000-000000000000', 'pppppppp-0003-0000-0000-000000000000', '33333333-3333-3333-3333-333333333333', 'cccccccc-0003-0000-0000-000000000000', 'dddddddd-0002-0000-0000-000000000000', 'vegetativo', '2025-11-01'),
  ('eeeeeeee-0004-0000-0000-000000000000', 'pppppppp-0004-0000-0000-000000000000', '33333333-3333-3333-3333-333333333333', 'cccccccc-0001-0000-0000-000000000000', 'dddddddd-0002-0000-0000-000000000000', 'vegetativo', '2025-11-10'),
  ('eeeeeeee-0005-0000-0000-000000000000', 'pppppppp-0005-0000-0000-000000000000', '33333333-3333-3333-3333-333333333333', 'cccccccc-0002-0000-0000-000000000000', 'dddddddd-0001-0000-0000-000000000000', 'floracao',   '2025-10-05'),
  ('eeeeeeee-0006-0000-0000-000000000000', 'pppppppp-0006-0000-0000-000000000000', '33333333-3333-3333-3333-333333333333', 'cccccccc-0004-0000-0000-000000000000', 'dddddddd-0001-0000-0000-000000000000', 'vegetativo', '2025-09-15'),
  ('eeeeeeee-0007-0000-0000-000000000000', 'pppppppp-0007-0000-0000-000000000000', '33333333-3333-3333-3333-333333333333', 'cccccccc-0003-0000-0000-000000000000', 'dddddddd-0002-0000-0000-000000000000', 'maturacao',  '2025-09-20'),
  ('eeeeeeee-0008-0000-0000-000000000000', 'pppppppp-0008-0000-0000-000000000000', '33333333-3333-3333-3333-333333333333', 'cccccccc-0001-0000-0000-000000000000', 'dddddddd-0003-0000-0000-000000000000', 'maturacao',  '2025-10-20'),
  ('eeeeeeee-0009-0000-0000-000000000000', 'pppppppp-0009-0000-0000-000000000000', '33333333-3333-3333-3333-333333333333', 'cccccccc-0004-0000-0000-000000000000', 'dddddddd-0001-0000-0000-000000000000', 'vegetativo', '2025-09-10'),
  ('eeeeeeee-0010-0000-0000-000000000000', 'pppppppp-0010-0000-0000-000000000000', '33333333-3333-3333-3333-333333333333', 'cccccccc-0002-0000-0000-000000000000', 'dddddddd-0002-0000-0000-000000000000', 'vegetativo', '2025-11-05');

-- ============================================================================
-- ESTAÇÃO METEOROLÓGICA
-- ============================================================================
INSERT INTO weather_stations (id, farm_id, name, model, latitude, longitude, altitude, installed_at)
VALUES (
  'ffffff00-0001-0000-0000-000000000000',
  '22222222-2222-2222-2222-222222222222',
  'Estação Central',
  'Davis Vantage Pro2',
  -15.8022,
  -43.3089,
  516,
  '2024-01-15'
);

-- ============================================================================
-- RESERVATÓRIO
-- ============================================================================
INSERT INTO reservoirs (id, farm_id, name, type, max_capacity, current_volume, min_operational_level, recharge_rate, latitude, longitude)
VALUES (
  'rrrrrrrr-0001-0000-0000-000000000000',
  '22222222-2222-2222-2222-222222222222',
  'Represa Principal',
  'represa',
  850000,
  612000,
  170000,
  45,
  -15.8000,
  -43.3100
);

-- ============================================================================
-- TARIFA DE ENERGIA
-- ============================================================================
INSERT INTO energy_tariffs (id, farm_id, tariff_type, demand_rate, rate_peak, rate_off_peak, peak_start, peak_end, valid_from)
VALUES (
  'tttttttt-0001-0000-0000-000000000000',
  '22222222-2222-2222-2222-222222222222',
  'verde',
  32.50,
  1.45,
  0.72,
  18,
  21,
  '2025-01-01'
);

-- ============================================================================
-- CENTRO DE CUSTO
-- ============================================================================
INSERT INTO cost_centers (id, farm_id, name, description) VALUES
  ('kkkkkkkk-0001-0000-0000-000000000000', '22222222-2222-2222-2222-222222222222', 'Irrigação', 'Custos operacionais de irrigação'),
  ('kkkkkkkk-0002-0000-0000-000000000000', '22222222-2222-2222-2222-222222222222', 'Manutenção', 'Manutenção de equipamentos'),
  ('kkkkkkkk-0003-0000-0000-000000000000', '22222222-2222-2222-2222-222222222222', 'Energia', 'Custos com energia elétrica');
