fazenda,pivo,pivo_id,area_ha,variedade,plantio,emergencia,kg_totais,arrobas_ha,data_propria
KRT,1,KRT-001,120.0,FM 990 STP,2025-12-02,2025-12-07,719292.0,319.6853333333333,True
KRT,1,KRT-001,30.0,FM 979 STP,2025-12-03,2025-12-08,,,True
KRT,60,KRT-060,150.0,DP 1949 B3RF,2025-12-08,2025-12-13,702745.0,312.33111111111106,True
KRT,66,KRT-066,100.0,DP 1949 B3RF,2025-12-08,2025-12-13,447207.0,298.138,True
KRT,67,KRT-067,80.0,FM 979 STP,2025-12-13,2025-12-18,461757.0,384.79749999999996,True
KRT,57,KRT-057,150.0,FM 911 GLTP,2025-12-11,2025-12-16,604197.0,268.532,True
KRT,59,KRT-059,73.0,FM 911 GLTP,2025-12-17,2025-12-22,495946.0,226.4593607305936,True
KRT,59,KRT-059,73.0,DP 2111 B3RF,2026-01-03,2026-01-08,,,True
KRT,33,KRT-033,140.0,FM 985 GLTP,2025-12-19,2025-12-24,708100.0,337.1904761904762,True
KRT,34,KRT-034,150.0,FM 974 GLT,2025-12-20,2025-12-25,635983.0,282.6591111111111,True
RDM,102,RDM-102,100.0,FM 974 GLT,2025-12-20,2025-12-25,555250.0,370.1666666666667,True
RDM,105,RDM-105,100.0,FM 974 GLT,2025-12-21,2025-12-26,553933.0,369.28866666666664,True
RDM,107,RDM-107,100.0,FM 974 GLT,2025-12-22,2025-12-27,714270.0,476.18,True
RDM,108,RDM-108,100.0,FM 985 GLTP,2025-12-23,2025-12-28,,,True
RDM,104,RDM-104,100.0,FM 985 GLTP,2025-12-23,2025-12-28,722350.0,481.56666666666666,True
RDM,132,RDM-132,100.0,FM 985 GLTP,2025-12-25,2025-12-30,493090.0,328.72666666666663,True
KRT,70,KRT-070,150.0,FM 911 GLTP,2025-12-26,2025-12-31,796960.0,354.20444444444445,True
RDM,110,RDM-110,100.0,FM 985 GLTP,2025-12-27,2026-01-01,478938.0,319.29200000000003,True
RDM,109,RDM-109,100.0,FM 985 GLTP,2025-12-29,2026-01-03,514252.0,342.8346666666667,True
KRT,61,KRT-061,145.0,FM 911 GLTP,2025-12-29,2026-01-03,593161.0,272.7177011494253,True
KRT,73,KRT-073,160.0,FM 985 GLTP,2026-01-01,2026-01-06,387983.0,161.65958333333336,True
RDM,131,RDM-131,100.0,FM 985 GLTP,2026-01-02,2026-01-07,468520.0,312.34666666666664,True
RDM,115,RDM-115,150.0,DP 1949 B3RF,2026-01-06,2026-01-11,816450.0,362.8666666666667,True
KRT,62,KRT-062,140.0,DP 2111 B3RF,2026-01-11,2026-01-16,590931.0,281.3957142857143,True
KRT,56,KRT-056,150.0,FM 911 GLTP,2026-01-16,2026-01-21,,,True
KRT,20,KRT-020,150.0,FM 974 GLT,2026-01-16,2026-01-21,,,True
KRT,48,KRT-048,160.0,FM 985 GLTP,2026-01-18,2026-01-23,,,True
KRT,49,KRT-049,125.0,FM 985 GLTP,2026-01-18,2026-01-23,,,True
KRT,26,KRT-026,150.0,FM 911 GLTP,2026-01-19,2026-01-24,,,True
KRT,24,KRT-024,150.0,FM 974 GLT,2026-01-21,2026-01-26,,,True
KRT,31,KRT-031,150.0,IMA 5901 B2RF,2026-01-24,2026-01-29,,,True
KRT,22,KRT-022,150.0,FM 974 GLT,2026-01-25,2026-01-30,,,True
KRT,30,KRT-030,150.0,FM 985 GLTP,2026-01-26,2026-01-31,,,True
KRT,21,KRT-021,150.0,DP 1949 B3RF,2026-01-27,2026-02-01,,,True
RDM,103,RDM-103,100.0,IMA 5901 B2RF,2026-01-27,2026-02-01,,,True
RDM,101,RDM-101,114.0,FM 974 GLT,2026-01-28,2026-02-02,,,True
KRT,63,KRT-063,80.0,FM 985 GLTP,2026-01-28,2026-02-02,,,True
KRT,65,KRT-065,150.0,FM 985 GLTP,2026-01-29,2026-02-03,,,True
RDM,114,RDM-114,120.0,FM 911 GLTP,2026-01-30,2026-02-04,,,True
KRT,68,KRT-068,80.0,FM 911 GLTP,2026-01-30,2026-02-04,,,True
RDM,112,RDM-112,150.0,FM 911 GLTP,2026-02-02,2026-02-07,,,True
KRT,16,KRT-016,150.0,FM 974 GLT,2026-02-06,2026-02-11,,,True
KRT,17,KRT-017,150.0,DP 1949 B3RF,2026-02-06,2026-02-11,,,True
KRT,15,KRT-015,150.0,DP 1949 B3RF,2026-02-06,2026-02-11,,,True
KRT,19,KRT-019,150.0,DP 1949 B3RF,2026-02-07,2026-02-12,,,True
KRT,42,KRT-042,100.0,DP 2111 B3RF,2026-02-07,2026-02-12,,,True
KRT,64,KRT-064,80.0,FM 911 GLTP,2026-02-10,2026-02-15,,,True
KRT,35,KRT-035,150.0,DP 1949 B3RF,2026-02-13,2026-02-18,,,True
KRT,43,KRT-043,138.0,FM 911 GLTP,2026-02-13,2026-02-18,,,True
KRT,2,KRT-002,120.0,FM 933 STP,2026-02-14,2026-02-19,,,True
KRT,2,KRT-002,4.0,FM 945 STP,2026-02-14,2026-02-19,,,False
KRT,69,KRT-069,80.0,FM 911 GLTP,2026-02-15,2026-02-20,,,True
KRT,53,KRT-053,37.5,IMA 5901 B2RF,2026-02-16,2026-02-21,,,True
KRT,53,KRT-053,37.5,IMA 5801 B2RF,2026-02-16,2026-02-21,,,False
KRT,6,KRT-006,138.0,DP 2111 B3RF,2026-02-17,2026-02-22,,,True
KRT,6,KRT-006,12.0,TMG 33 B3RF,2026-02-17,2026-02-22,,,False
KRT,54,KRT-054,120.0,DP 1949 B3RF,2026-02-18,2026-02-23,,,True
RDM,113,RDM-113,150.0,DP 1949 B3RF,2026-02-18,2026-02-23,,,True
KRT,41,KRT-041,127.0,FM 911 GLTP,2026-02-19,2026-02-24,,,True
RDM,106,RDM-106,47.0,DP 2297 B3XF,2026-02-20,2026-02-25,,,True
RDM,106,RDM-106,51.6,DP 2252 B3XF,2026-02-20,2026-02-25,,,False
RDM,106,RDM-106,1.4,FM 911 GLTP,2026-02-20,2026-02-25,,,False
KRT,47,KRT-047,84.0,TMG 44 B2RF,2026-02-28,2026-03-05,,,True
KRT,47,KRT-047,76.0,DP 1949 B3RF,2026-02-28,2026-03-05,,,False
RDM,123,RDM-123,150.0,DP 1949 B3RF,2026-03-04,2026-03-09,,,True
KRT,51,KRT-051,90.0,DP 2104 B3RF,2026-03-05,2026-03-10,,,True
KRT,51,KRT-051,30.0,DP 2111 B3RF,2026-03-19,2026-03-24,,,True
RDM,122,RDM-122,72.0,DP 1949 B3RF,2026-03-07,2026-03-12,,,True
RDM,122,RDM-122,78.0,DP 2111 B3RF,2026-03-07,2026-03-12,,,False
KRT,55,KRT-055,3.98,TAURA B3XF,2026-03-09,2026-03-14,,,True
KRT,55,KRT-055,7.5,IMA 3479 B2RF,2026-03-09,2026-03-14,,,False
KRT,55,KRT-055,9.22,IMA 563 B3XF,2026-03-09,2026-03-14,,,False
KRT,55,KRT-055,8.63,TMG 83 B3XF,2026-03-09,2026-03-14,,,False
KRT,55,KRT-055,6.71,ST APEX 2156 B3RF,2026-03-09,2026-03-14,,,False
KRT,55,KRT-055,9.63,BS 2441 STP,2026-03-09,2026-03-14,,,False
KRT,55,KRT-055,8.71,BS 2453 STP,2026-03-09,2026-03-14,,,False
KRT,55,KRT-055,9.42,DP 2111 B3RF,2026-03-09,2026-03-14,,,False
KRT,55,KRT-055,86.2,DP 2111 B3RF,2026-03-09,2026-03-14,,,False
RDM,117,RDM-117,10.0,FM 945 STP,2026-03-10,2026-03-15,,,True
RDM,117,RDM-117,140.0,FM 911 GLTP,2026-03-10,2026-03-15,,,False
RDM,117,RDM-117,,FM 911 GLTP,2026-03-10,2026-03-15,,,False
RDM,117,RDM-117,,FM 911 GLTP,2026-03-10,2026-03-15,,,False
KRT,39,KRT-039,100.0,FM 911 GLTP,2026-03-10,2026-03-15,,,True
KRT,58,KRT-058,150.0,DP 2111 B3RF,2026-03-11,2026-03-16,,,True
KRT,72,KRT-072,125.0,DP 2111 B3RF,2026-03-12,2026-03-17,,,True
RDM,116,RDM-116,24.0,FM 911 GLTP,2026-03-14,2026-03-19,,,True
RDM,116,RDM-116,42.0,DP 2111 B3RF,2026-03-14,2026-03-19,,,False
